Referring Domain,Backlink Type,Spam Score
uae-government-resources.ae,DoFollow,2%
insurance-reviews.com,DoFollow,3%
financial-planning-uae.com,DoFollow,4%
dubai-insurance-portal.ae,DoFollow,5%
insurance-industry-forum.org,DoFollow,6%
insurance-news-updates.org,NoFollow,7%
uae-insurance-marketplace.ae,DoFollow,7%
uae-business-directory.ae,DoFollow,8%
insurance-comparison-tools.com,DoFollow,8%
vehicle-protection-tips.com,DoFollow,9%
emirates-financial-advisors.ae,DoFollow,9%
comprehensive-coverage-guide.org,DoFollow,10%
emirates-financial-blog.ae,DoFollow,11%
motor-insurance-experts.org,DoFollow,11%
autoinsurance-guide.org,DoFollow,12%
insurance-industry-insights.org,DoFollow,12%
regional-business-network.com,DoFollow,13%
vehicle-safety-resources.net,DoFollow,13%
business-directory-middle-east.com,DoFollow,14%
financial-services-uae.com,NoFollow,15%
business-protection-guide.com,DoFollow,15%
middle-east-finance-portal.ae,DoFollow,16%
dubai-business-listings.ae,DoFollow,17%
middle-east-business.net,DoFollow,18%
motor-vehicle-advice.net,DoFollow,19%
car-buyers-insurance-tips.org,DoFollow,21%
car-insurance-comparison.com,DoFollow,22%
financial-security-blog.com,NoFollow,24%
uae-lifestyle-magazine.ae,NoFollow,25%
regional-insurance-updates.org,NoFollow,26%
insurance-quotes-hub.org,NoFollow,28%
uae-consumer-reviews.ae,NoFollow,29%
dubai-expat-community.ae,NoFollow,31%
dubai-car-insurance-deals.ae,NoFollow,33%
insurance-blog-central.com,NoFollow,35%
