Orphan Page URL,Found in Sitemap?,Internally Linked?
https://mokaraminjurylawyers.com/legacy/old-product-page,Yes,No
https://mokaraminjurylawyers.com/archived/company-history,Yes,No
https://mokaraminjurylawyers.com/temp/beta-features,Yes,No
https://mokaraminjurylawyers.com/old-blog/category/updates,Yes,No
https://mokaraminjurylawyers.com/hidden/internal-tools,Yes,No
https://mokaraminjurylawyers.com/staging/test-environment,Yes,No
https://mokaraminjurylawyers.com/backup/data-recovery,Yes,No
https://mokaraminjurylawyers.com/deprecated/api-v1-docs,Yes,No
https://mokaraminjurylawyers.com/maintenance/system-status,Yes,No
https://mokaraminjurylawyers.com/prototype/new-feature-preview,Yes,No
https://mokaraminjurylawyers.com/internal/staff-directory,Yes,No
https://mokaraminjurylawyers.com/draft/upcoming-announcement,Yes,No
https://mokaraminjurylawyers.com/archive/newsletter-2022,Yes,No
https://mokaraminjurylawyers.com/test/performance-metrics,Yes,No
https://mokaraminjurylawyers.com/reserved/future-expansion,Yes,No
